"","treatment.....control.","respiration....rnorm.10."
"1","control",0.0422755392150723
"2","control",0.588335598348581
"3","control",0.21184847699937
"4","control",1.92932824365915
"5","control",0.467479370674714
"6","control",-0.476421748933518
"7","control",-1.17387612854266
"8","control",0.00306037719118082
"9","control",-0.287879882865489
"10","control",1.07824125159882
